-- phpMyAdmin SQL Dump
-- version 4.5.1
-- http://www.phpmyadmin.net
--
-- Host: 127.0.0.1
-- Generation Time: Apr 16, 2017 at 07:22 PM
-- Server version: 10.1.19-MariaDB
-- PHP Version: 7.0.13

SET SQL_MODE = "NO_AUTO_VALUE_ON_ZERO";
SET time_zone = "+00:00";


/*!40101 SET @OLD_CHARACTER_SET_CLIENT=@@CHARACTER_SET_CLIENT */;
/*!40101 SET @OLD_CHARACTER_SET_RESULTS=@@CHARACTER_SET_RESULTS */;
/*!40101 SET @OLD_COLLATION_CONNECTION=@@COLLATION_CONNECTION */;
/*!40101 SET NAMES utf8mb4 */;

--
-- Database: `baby_choice`
--

-- --------------------------------------------------------

--
-- Table structure for table `brand`
--

CREATE TABLE `brand` (
  `Brand_ID` int(5) NOT NULL,
  `Brand` varchar(20) NOT NULL
) ENGINE=InnoDB DEFAULT CHARSET=latin1;

--
-- Dumping data for table `brand`
--

INSERT INTO `brand` (`Brand_ID`, `Brand`) VALUES
(1, 'Brexter'),
(2, 'Nixon'),
(3, 'Jack & Jones'),
(4, 'Velmon'),
(5, 'Huggies'),
(6, 'Mami-pocko'),
(7, 'Flora'),
(8, 'Femine');

-- --------------------------------------------------------

--
-- Table structure for table `category`
--

CREATE TABLE `category` (
  `Category_ID` int(5) NOT NULL,
  `Category` varchar(30) NOT NULL
) ENGINE=InnoDB DEFAULT CHARSET=latin1;

--
-- Dumping data for table `category`
--

INSERT INTO `category` (`Category_ID`, `Category`) VALUES
(1, 'Girls Dress'),
(2, 'Boys Dress'),
(3, 'Shirt'),
(4, 'T-Shirt'),
(5, 'Pants'),
(6, 'Jackets'),
(7, 'Pampers'),
(8, 'Vex');

-- --------------------------------------------------------

--
-- Table structure for table `check_out`
--

CREATE TABLE `check_out` (
  `check_out_ID` int(5) NOT NULL,
  `Sold_Product_Code` varchar(150) NOT NULL,
  `Cost` int(11) NOT NULL,
  `Sold_Price` int(11) NOT NULL,
  `Date` varchar(50) NOT NULL
) ENGINE=InnoDB DEFAULT CHARSET=latin1;

--
-- Dumping data for table `check_out`
--

INSERT INTO `check_out` (`check_out_ID`, `Sold_Product_Code`, `Cost`, `Sold_Price`, `Date`) VALUES
(5, '405665,405666', 400, 552, '3/31/2017 10:11:52 PM'),
(6, '633061,556934,428066', 860, 1600, '4/7/2017 3:25:36 AM'),
(7, '428067,556935', 700, 1341, '4/7/2017 3:27:41 AM'),
(8, '218212,556936,633062,428065', 1160, 1792, '4/7/2017 3:54:02 AM'),
(9, '633066', 140, 250, '4/11/2017 4:41:37 PM'),
(10, '556944,556945,530082', 860, 1360, '4/11/2017 10:57:10 PM'),
(11, '747371,428075', 1000, 1300, '4/11/2017 11:46:59 PM'),
(12, '218206', 150, 225, '4/11/2017 11:57:02 PM'),
(13, '747365,428068', 1000, 1300, '4/12/2017 1:43:49 PM'),
(14, '428069', 700, 790, '4/12/2017 1:45:53 PM'),
(15, '428070', 700, 780, '4/12/2017 1:47:04 PM'),
(16, '747367', 300, 500, '4/12/2017 1:58:44 PM'),
(17, '747368', 300, 512, '4/12/2017 2:57:57 PM'),
(18, '808443,808444,808450,808451', 1800, 3000, '4/12/2017 3:54:54 PM'),
(19, '609554,486282', 800, 1000, '4/12/2017 7:00:02 PM'),
(20, '442059,160432', 430, 800, '4/12/2017 7:35:31 PM');

-- --------------------------------------------------------

--
-- Table structure for table `login`
--

CREATE TABLE `login` (
  `ID` int(11) NOT NULL,
  `user_name` varchar(50) NOT NULL,
  `password` varchar(50) NOT NULL
) ENGINE=InnoDB DEFAULT CHARSET=latin1;

--
-- Dumping data for table `login`
--

INSERT INTO `login` (`ID`, `user_name`, `password`) VALUES
(1, 'a', 'aaaa'),
(3, 'Mushfiq', 'df36437837dce0fc5e59637772283fd2'),
(4, 'a', '74b87337454200d4d33f80c4663dc5e5');

-- --------------------------------------------------------

--
-- Table structure for table `product`
--

CREATE TABLE `product` (
  `Product_ID` int(11) NOT NULL,
  `Reference_id` int(11) NOT NULL,
  `Age` varchar(10) NOT NULL,
  `product_code` int(10) NOT NULL,
  `Buying_Cost` int(11) NOT NULL,
  `Selling_Price` int(11) NOT NULL
) ENGINE=InnoDB DEFAULT CHARSET=latin1;

--
-- Dumping data for table `product`
--

INSERT INTO `product` (`Product_ID`, `Reference_id`, `Age`, `product_code`, `Buying_Cost`, `Selling_Price`) VALUES
(399, 1, '1-2', 633063, 140, 250),
(403, 1, '1-2', 633067, 140, 250),
(404, 1, '1-2', 633068, 140, 250),
(405, 1, '1-2', 633069, 140, 250),
(406, 1, '1-2', 633070, 140, 250),
(407, 1, '1-2', 633071, 140, 250),
(408, 1, '1-2', 633072, 140, 250),
(413, 10, '5-6', 556937, 350, 525),
(414, 10, '5-6', 556938, 350, 525),
(415, 10, '5-6', 556939, 350, 525),
(416, 10, '5-6', 556940, 350, 525),
(417, 10, '5-6', 556941, 350, 525),
(418, 10, '5-6', 556942, 350, 525),
(419, 10, '5-6', 556943, 350, 525),
(422, 10, '5-6', 556946, 350, 525),
(423, 10, '5-6', 556947, 350, 525),
(424, 7, '3-4', 530075, 160, 275),
(425, 7, '3-4', 530076, 160, 275),
(427, 7, '3-4', 530078, 160, 275),
(428, 7, '3-4', 530079, 160, 275),
(429, 7, '3-4', 530080, 160, 275),
(430, 7, '3-4', 530081, 160, 275),
(432, 7, '3-4', 530083, 160, 275),
(433, 7, '3-4', 530084, 160, 275),
(435, 8, 'L', 218207, 150, 225),
(436, 8, 'L', 218208, 150, 225),
(437, 8, 'L', 218209, 150, 225),
(438, 8, 'L', 218210, 150, 225),
(439, 8, 'L', 218211, 150, 225),
(441, 8, 'L', 218213, 150, 225),
(442, 8, 'L', 218214, 150, 225),
(443, 8, 'L', 218215, 150, 225),
(444, 8, 'L', 218216, 150, 225),
(445, 8, 'L', 218217, 150, 225),
(446, 8, 'L', 218218, 150, 225),
(447, 8, 'L', 218219, 150, 225),
(448, 8, 'L', 218220, 150, 225),
(449, 18, '2-3', 539116, 90, 225),
(450, 18, '2-3', 539117, 90, 225),
(451, 18, '2-3', 539118, 90, 225),
(452, 18, '2-3', 539119, 90, 225),
(453, 18, '2-3', 539120, 90, 225),
(454, 18, '2-3', 539121, 90, 225),
(455, 18, '2-3', 539122, 90, 225),
(456, 18, '2-3', 539123, 90, 225),
(457, 18, '2-3', 539124, 90, 225),
(458, 18, '2-3', 539125, 90, 225),
(459, 17, '6-7', 747363, 300, 500),
(460, 17, '6-7', 747364, 300, 500),
(462, 17, '6-7', 747366, 300, 500),
(465, 17, '6-7', 747369, 300, 500),
(466, 17, '6-7', 747370, 300, 500),
(468, 17, '6-7', 747372, 300, 500),
(475, 5, '3-4', 428071, 700, 800),
(476, 5, '3-4', 428072, 700, 800),
(477, 5, '3-4', 428073, 700, 800),
(478, 5, '3-4', 428074, 700, 800),
(480, 5, '3-4', 428076, 700, 800),
(481, 5, '3-4', 428077, 700, 800),
(482, 5, '3-4', 428078, 700, 800),
(483, 5, '3-4', 428079, 700, 800),
(484, 5, '3-4', 428080, 700, 800),
(485, 5, '3-4', 428081, 700, 800),
(486, 5, '3-4', 428082, 700, 800),
(487, 5, '3-4', 428083, 700, 800),
(488, 5, '3-4', 428084, 700, 800),
(489, 5, '3-4', 428085, 700, 800),
(490, 5, '3-4', 428086, 700, 800),
(491, 5, '3-4', 428087, 700, 800),
(492, 5, '3-4', 428088, 700, 800),
(493, 5, '3-4', 428089, 700, 800),
(494, 14, '4-5', 808442, 450, 750),
(497, 14, '4-5', 808445, 450, 800),
(498, 14, '4-5', 808446, 450, 750),
(499, 14, '4-5', 808447, 450, 750),
(500, 14, '4-5', 808448, 450, 750),
(501, 14, '4-5', 808449, 450, 750),
(504, 14, '4-5', 808452, 450, 750),
(505, 14, '4-5', 808453, 450, 750),
(506, 14, '4-5', 808454, 450, 750),
(507, 14, '4-5', 808455, 450, 750),
(508, 14, '4-5', 808456, 450, 750),
(509, 9, '2-3', 613378, 150, 300),
(510, 9, '2-3', 613379, 150, 300),
(511, 9, '2-3', 613380, 150, 300),
(512, 9, '2-3', 613381, 150, 300),
(513, 9, '2-3', 613382, 150, 300),
(514, 9, '2-3', 613383, 150, 300),
(515, 9, '2-3', 613384, 150, 300),
(516, 9, '2-3', 613385, 150, 300),
(517, 9, '2-3', 613386, 150, 300),
(518, 9, '2-3', 613387, 150, 300),
(519, 19, '3-4', 355516, 180, 350),
(520, 19, '3-4', 355517, 180, 350),
(521, 19, '3-4', 355518, 180, 350),
(522, 19, '3-4', 355519, 180, 350),
(523, 19, '3-4', 355520, 180, 350),
(524, 19, '3-4', 355521, 180, 350),
(525, 19, '3-4', 355522, 180, 350),
(526, 19, '3-4', 355523, 180, 350),
(527, 19, '3-4', 355524, 180, 350),
(528, 19, '3-4', 355525, 180, 350),
(529, 19, '3-4', 355526, 180, 350),
(530, 19, '3-4', 355527, 180, 350),
(531, 13, 'L', 237585, 200, 350),
(532, 13, 'L', 237586, 200, 350),
(533, 13, 'L', 237587, 200, 350),
(534, 13, 'L', 237588, 200, 350),
(535, 13, 'L', 237589, 200, 350),
(536, 13, 'L', 237590, 200, 350),
(537, 13, 'L', 237591, 200, 350),
(538, 13, 'L', 237592, 200, 350),
(539, 13, 'L', 237593, 200, 350),
(540, 13, 'L', 237594, 200, 350),
(541, 13, 'L', 237595, 200, 350),
(542, 13, 'L', 237596, 200, 350),
(543, 13, 'L', 237597, 200, 350),
(544, 13, 'L', 237598, 200, 350),
(545, 13, 'L', 237599, 200, 350),
(546, 18, '5-6', 838441, 160, 300),
(547, 18, '5-6', 838442, 160, 300),
(548, 18, '5-6', 838443, 160, 300),
(549, 18, '5-6', 838444, 160, 300),
(550, 18, '5-6', 838445, 160, 300),
(551, 18, '5-6', 838446, 160, 300),
(552, 18, '5-6', 838447, 160, 300),
(553, 18, '5-6', 838448, 160, 300),
(554, 18, '5-6', 838449, 160, 300),
(555, 18, '5-6', 838450, 160, 300),
(556, 5, '4-5', 609545, 600, 650),
(557, 5, '4-5', 609546, 600, 650),
(558, 5, '4-5', 609547, 600, 650),
(559, 5, '4-5', 609548, 600, 650),
(560, 5, '4-5', 609549, 600, 650),
(561, 5, '4-5', 609550, 600, 650),
(562, 5, '4-5', 609551, 600, 650),
(563, 5, '4-5', 609552, 600, 650),
(564, 5, '4-5', 609553, 600, 650),
(566, 5, '4-5', 609555, 600, 650),
(567, 5, '4-5', 609556, 600, 650),
(568, 4, '3-4', 486275, 200, 325),
(569, 4, '3-4', 486276, 200, 325),
(570, 4, '3-4', 486277, 200, 325),
(571, 4, '3-4', 486278, 200, 325),
(572, 4, '3-4', 486279, 200, 325),
(573, 4, '3-4', 486280, 200, 325),
(574, 4, '3-4', 486281, 200, 325),
(576, 4, '3-4', 486283, 200, 325),
(577, 4, '3-4', 486284, 200, 325),
(578, 4, '3-4', 486285, 200, 325),
(579, 4, '3-4', 486286, 200, 325),
(580, 4, '3-4', 486287, 200, 325),
(581, 4, '3-4', 486288, 200, 325),
(582, 4, '3-4', 486289, 200, 325),
(583, 9, '2-3', 581408, 250, 480),
(584, 9, '2-3', 581409, 250, 480),
(585, 9, '2-3', 581410, 250, 480),
(586, 9, '2-3', 581411, 250, 480),
(587, 9, '2-3', 581412, 250, 480),
(588, 9, '2-3', 581413, 250, 480),
(589, 9, '2-3', 581414, 250, 480),
(590, 9, '2-3', 581415, 250, 480),
(591, 9, '2-3', 581416, 250, 480),
(592, 9, '2-3', 581417, 250, 480),
(593, 9, '2-3', 581418, 250, 480),
(594, 9, '2-3', 581419, 250, 480),
(595, 9, '2-3', 581420, 250, 480),
(596, 9, '2-3', 581421, 250, 480),
(597, 9, '2-3', 581422, 250, 480),
(598, 9, '2-3', 581423, 250, 480),
(599, 9, '2-3', 581424, 250, 480),
(600, 9, '2-3', 581425, 250, 480),
(601, 9, '2-3', 581426, 250, 480),
(602, 9, '2-3', 581427, 250, 480),
(603, 7, '3-4', 871186, 140, 380),
(604, 7, '3-4', 871187, 140, 380),
(605, 7, '3-4', 871188, 140, 380),
(606, 7, '3-4', 871189, 140, 380),
(607, 7, '3-4', 871190, 140, 380),
(608, 7, '3-4', 871191, 140, 380),
(609, 7, '3-4', 871192, 140, 380),
(610, 7, '3-4', 871193, 140, 380),
(611, 7, '3-4', 871194, 140, 380),
(612, 7, '3-4', 871195, 140, 380),
(613, 7, '3-4', 871196, 140, 380),
(614, 7, '3-4', 871197, 140, 380),
(615, 7, '3-4', 871198, 140, 380),
(616, 7, '3-4', 871199, 140, 380),
(617, 7, '3-4', 871200, 140, 380),
(618, 4, '1-2', 262142, 140, 380),
(619, 4, '1-2', 262143, 140, 380),
(620, 4, '1-2', 262144, 140, 380),
(621, 4, '1-2', 262145, 140, 380),
(622, 4, '1-2', 262146, 140, 380),
(623, 4, '1-2', 262147, 140, 380),
(624, 4, '1-2', 262148, 140, 380),
(625, 4, '1-2', 262149, 140, 380),
(626, 4, '1-2', 262150, 140, 380),
(627, 4, '1-2', 262151, 140, 380),
(628, 4, '1-2', 262152, 140, 380),
(629, 4, '1-2', 262153, 140, 380),
(630, 4, '1-2', 262154, 140, 380),
(631, 4, '1-2', 262155, 140, 380),
(632, 4, '1-2', 262156, 140, 380),
(633, 4, '1-2', 262157, 140, 380),
(634, 4, '1-2', 262158, 140, 380),
(635, 4, '1-2', 262159, 140, 380),
(636, 4, '1-2', 262160, 140, 380),
(637, 4, '1-2', 262161, 140, 380),
(638, 23, '3-4', 442053, 280, 500),
(639, 23, '3-4', 442054, 280, 500),
(640, 23, '3-4', 442055, 280, 500),
(641, 23, '3-4', 442056, 280, 500),
(642, 23, '3-4', 442057, 280, 500),
(643, 23, '3-4', 442058, 280, 500),
(645, 23, '3-4', 442060, 280, 500),
(646, 23, '3-4', 442061, 280, 500),
(647, 23, '3-4', 442062, 280, 500),
(648, 23, '3-4', 442063, 280, 500),
(649, 23, '3-4', 442064, 280, 500),
(650, 23, '3-4', 442065, 280, 500),
(651, 23, '3-4', 442066, 280, 500),
(652, 23, '3-4', 442067, 280, 500),
(653, 24, '8-9', 160424, 150, 280),
(654, 24, '8-9', 160425, 150, 280),
(655, 24, '8-9', 160426, 150, 280),
(656, 24, '8-9', 160427, 150, 280),
(657, 24, '8-9', 160428, 150, 280),
(658, 24, '8-9', 160429, 150, 280),
(659, 24, '8-9', 160430, 150, 280),
(660, 24, '8-9', 160431, 150, 280),
(662, 24, '8-9', 160433, 150, 280),
(663, 24, '8-9', 160434, 150, 280),
(664, 24, '8-9', 160435, 150, 280),
(665, 2, '2-3', 737186, 230, 425),
(666, 2, '2-3', 737187, 230, 425),
(667, 2, '2-3', 737188, 230, 425),
(668, 2, '2-3', 737189, 230, 425),
(669, 2, '2-3', 737190, 230, 425),
(670, 2, '2-3', 737191, 230, 425),
(671, 2, '2-3', 737192, 230, 425),
(672, 2, '2-3', 737193, 230, 425),
(673, 2, '2-3', 737194, 230, 425),
(674, 2, '2-3', 737195, 230, 425),
(675, 2, '2-3', 737196, 230, 425),
(676, 2, '2-3', 737197, 230, 425),
(677, 2, '2-3', 737198, 230, 425),
(678, 2, '2-3', 737199, 230, 425),
(679, 2, '2-3', 737200, 230, 425),
(680, 2, '2-3', 737201, 230, 425),
(681, 2, '2-3', 737202, 230, 425),
(682, 2, '2-3', 737203, 230, 425),
(683, 2, '2-3', 737204, 230, 425),
(684, 2, '2-3', 737205, 230, 425),
(685, 2, '2-3', 737206, 230, 425),
(686, 2, '2-3', 737207, 230, 425),
(687, 2, '2-3', 737208, 230, 425),
(688, 2, '2-3', 737209, 230, 425),
(689, 2, '2-3', 737210, 230, 425),
(690, 8, '5-6', 312176, 120, 330),
(691, 8, '5-6', 312177, 120, 330),
(692, 8, '5-6', 312178, 120, 330),
(693, 8, '5-6', 312179, 120, 330),
(694, 8, '5-6', 312180, 120, 330),
(695, 8, '5-6', 312181, 120, 330),
(696, 8, '5-6', 312182, 120, 330),
(697, 8, '5-6', 312183, 120, 330),
(698, 8, '5-6', 312184, 120, 330),
(699, 8, '5-6', 312185, 120, 330),
(700, 8, '5-6', 312186, 120, 330),
(701, 8, '5-6', 312187, 120, 330),
(702, 8, '5-6', 312188, 120, 330),
(703, 8, '5-6', 312189, 120, 330),
(704, 8, '5-6', 312190, 120, 330),
(705, 12, '2-3', 233235, 120, 325),
(706, 12, '2-3', 233236, 120, 325),
(707, 12, '2-3', 233237, 120, 325),
(708, 12, '2-3', 233238, 120, 325),
(709, 12, '2-3', 233239, 120, 325),
(710, 12, '2-3', 233240, 120, 325),
(711, 12, '2-3', 233241, 120, 325),
(712, 12, '2-3', 233242, 120, 325),
(713, 12, '2-3', 233243, 120, 325),
(714, 12, '2-3', 233244, 120, 325),
(715, 12, '2-3', 233245, 120, 325),
(716, 12, '2-3', 233246, 120, 325),
(717, 12, '2-3', 233247, 120, 325),
(718, 12, '2-3', 233248, 120, 325),
(719, 12, '2-3', 233249, 120, 325),
(720, 12, '2-3', 233250, 120, 325),
(721, 12, '2-3', 233251, 120, 325),
(722, 12, '2-3', 233252, 120, 325),
(723, 12, '2-3', 233253, 120, 325),
(724, 12, '2-3', 233254, 120, 325),
(725, 16, 'XL', 482463, 430, 750),
(726, 16, 'XL', 482464, 430, 750),
(727, 16, 'XL', 482465, 430, 750),
(728, 16, 'XL', 482466, 430, 750),
(729, 16, 'XL', 482467, 430, 750),
(730, 16, 'XL', 482468, 430, 750),
(731, 16, 'XL', 482469, 430, 750),
(732, 16, 'XL', 482470, 430, 750),
(733, 16, 'XL', 482471, 430, 750),
(734, 16, 'XL', 482472, 430, 750),
(735, 16, 'XL', 482473, 430, 750),
(736, 16, 'XL', 482474, 430, 750),
(737, 16, 'XL', 482475, 430, 750),
(738, 16, 'XL', 482476, 430, 750),
(739, 16, 'XL', 482477, 430, 750),
(740, 1, '5-6', 252906, 140, 250),
(741, 1, '5-6', 252907, 140, 250),
(742, 1, '5-6', 252908, 140, 250),
(743, 1, '5-6', 252909, 140, 250),
(744, 1, '5-6', 252910, 140, 250),
(745, 1, '5-6', 252911, 140, 250),
(746, 1, '5-6', 252912, 140, 250),
(747, 1, '5-6', 252913, 140, 250),
(748, 1, '5-6', 252914, 140, 250),
(749, 1, '5-6', 252915, 140, 250),
(750, 1, '5-6', 252916, 140, 250),
(751, 1, '5-6', 252917, 140, 250);

-- --------------------------------------------------------

--
-- Table structure for table `reference`
--

CREATE TABLE `reference` (
  `ref_id` int(11) NOT NULL,
  `cat_id` int(11) NOT NULL,
  `brand_id` int(11) NOT NULL
) ENGINE=InnoDB DEFAULT CHARSET=latin1;

--
-- Dumping data for table `reference`
--

INSERT INTO `reference` (`ref_id`, `cat_id`, `brand_id`) VALUES
(1, 1, 1),
(2, 1, 2),
(3, 3, 7),
(4, 2, 1),
(5, 7, 5),
(6, 7, 6),
(7, 2, 2),
(8, 3, 4),
(9, 1, 8),
(10, 5, 3),
(11, 5, 4),
(12, 4, 4),
(13, 4, 8),
(14, 6, 3),
(15, 6, 8),
(16, 6, 7),
(17, 5, 7),
(18, 4, 3),
(19, 3, 3),
(20, 3, 7),
(21, 1, 7),
(23, 5, 2),
(24, 8, 1);

--
-- Indexes for dumped tables
--

--
-- Indexes for table `brand`
--
ALTER TABLE `brand`
  ADD PRIMARY KEY (`Brand_ID`);

--
-- Indexes for table `category`
--
ALTER TABLE `category`
  ADD PRIMARY KEY (`Category_ID`);

--
-- Indexes for table `check_out`
--
ALTER TABLE `check_out`
  ADD PRIMARY KEY (`check_out_ID`);

--
-- Indexes for table `login`
--
ALTER TABLE `login`
  ADD PRIMARY KEY (`ID`);

--
-- Indexes for table `product`
--
ALTER TABLE `product`
  ADD PRIMARY KEY (`Product_ID`),
  ADD KEY `Reference_id` (`Reference_id`),
  ADD KEY `Reference_id_2` (`Reference_id`);

--
-- Indexes for table `reference`
--
ALTER TABLE `reference`
  ADD PRIMARY KEY (`ref_id`),
  ADD KEY `cat_id` (`cat_id`),
  ADD KEY `brand_id` (`brand_id`);

--
-- AUTO_INCREMENT for dumped tables
--

--
-- AUTO_INCREMENT for table `brand`
--
ALTER TABLE `brand`
  MODIFY `Brand_ID` int(5) NOT NULL AUTO_INCREMENT, AUTO_INCREMENT=9;
--
-- AUTO_INCREMENT for table `category`
--
ALTER TABLE `category`
  MODIFY `Category_ID` int(5) NOT NULL AUTO_INCREMENT, AUTO_INCREMENT=9;
--
-- AUTO_INCREMENT for table `check_out`
--
ALTER TABLE `check_out`
  MODIFY `check_out_ID` int(5) NOT NULL AUTO_INCREMENT, AUTO_INCREMENT=21;
--
-- AUTO_INCREMENT for table `login`
--
ALTER TABLE `login`
  MODIFY `ID` int(11) NOT NULL AUTO_INCREMENT, AUTO_INCREMENT=5;
--
-- AUTO_INCREMENT for table `product`
--
ALTER TABLE `product`
  MODIFY `Product_ID` int(11) NOT NULL AUTO_INCREMENT, AUTO_INCREMENT=752;
--
-- AUTO_INCREMENT for table `reference`
--
ALTER TABLE `reference`
  MODIFY `ref_id` int(11) NOT NULL AUTO_INCREMENT, AUTO_INCREMENT=25;
--
-- Constraints for dumped tables
--

--
-- Constraints for table `product`
--
ALTER TABLE `product`
  ADD CONSTRAINT `product_ibfk_1` FOREIGN KEY (`Reference_id`) REFERENCES `reference` (`ref_id`) ON DELETE CASCADE ON UPDATE CASCADE;

--
-- Constraints for table `reference`
--
ALTER TABLE `reference`
  ADD CONSTRAINT `reference_ibfk_1` FOREIGN KEY (`cat_id`) REFERENCES `category` (`Category_ID`) ON DELETE CASCADE ON UPDATE CASCADE,
  ADD CONSTRAINT `reference_ibfk_2` FOREIGN KEY (`brand_id`) REFERENCES `brand` (`Brand_ID`) ON DELETE CASCADE ON UPDATE CASCADE;

/*!40101 SET CHARACTER_SET_CLIENT=@OLD_CHARACTER_SET_CLIENT */;
/*!40101 SET CHARACTER_SET_RESULTS=@OLD_CHARACTER_SET_RESULTS */;
/*!40101 SET COLLATION_CONNECTION=@OLD_COLLATION_CONNECTION */;
